country,zone,state,year,markets,records,commodities
Niger,Niger,Agadez,1990,1,36,3
Niger,Niger,Agadez,1991,1,30,3
Niger,Niger,Agadez,1992,1,36,3
Niger,Niger,Agadez,1993,1,36,3
Niger,Niger,Agadez,1994,2,79,5
Niger,Niger,Agadez,1995,2,80,5
Niger,Niger,Agadez,1996,2,80,5
Niger,Niger,Agadez,1997,2,84,5
Niger,Niger,Agadez,1998,2,84,5
Niger,Niger,Agadez,1999,2,76,5
Niger,Niger,Agadez,2000,2,60,4
Niger,Niger,Agadez,2001,2,57,4
Niger,Niger,Agadez,2002,2,84,5
Niger,Niger,Agadez,2003,2,84,5
Niger,Niger,Agadez,2004,2,81,5
Niger,Niger,Agadez,2005,2,84,5
Niger,Niger,Agadez,2006,2,108,5
Niger,Niger,Agadez,2007,2,108,5
Niger,Niger,Agadez,2008,3,172,7
Niger,Niger,Agadez,2009,4,260,7
Niger,Niger,Agadez,2010,4,238,6
Niger,Niger,Agadez,2011,4,247,6
Niger,Niger,Agadez,2012,4,210,6
Niger,Niger,Agadez,2013,4,246,6
Niger,Niger,Agadez,2014,4,220,6
Niger,Niger,Agadez,2015,4,213,5
Niger,Niger,Agadez,2016,4,189,5
Niger,Niger,Agadez,2017,4,216,5
Niger,Niger,Agadez,2018,4,215,5
Niger,Niger,Agadez,2019,4,215,5
Niger,Niger,Agadez,2020,4,227,5
Niger,Niger,Agadez,2021,4,221,5
Niger,Niger,Agadez,2022,4,198,5
Niger,Niger,Agadez,2023,4,178,4
Niger,Niger,Agadez,2024,4,192,4
Niger,Niger,Agadez,2025,4,276,7
Niger,Niger,Agadez,2026,4,224,7
Niger,Niger,Diffa,1994,2,53,3
Niger,Niger,Diffa,1995,2,60,3
Niger,Niger,Diffa,1996,2,55,3
Niger,Niger,Diffa,1997,2,52,3
Niger,Niger,Diffa,1998,2,60,3
Niger,Niger,Diffa,1999,2,59,3
Niger,Niger,Diffa,2000,2,42,2
Niger,Niger,Diffa,2001,2,67,3
Niger,Niger,Diffa,2002,2,84,4
Niger,Niger,Diffa,2003,2,94,4
Niger,Niger,Diffa,2004,2,90,4
Niger,Niger,Diffa,2005,2,91,4
Niger,Niger,Diffa,2006,2,96,4
Niger,Niger,Diffa,2007,2,86,4
Niger,Niger,Diffa,2008,2,85,4
Niger,Niger,Diffa,2009,6,307,7
Niger,Niger,Diffa,2010,6,283,6
Niger,Niger,Diffa,2011,5,242,6
Niger,Niger,Diffa,2012,5,217,6
Niger,Niger,Diffa,2013,5,275,6
Niger,Niger,Diffa,2014,5,215,5
Niger,Niger,Diffa,2015,5,204,4
Niger,Niger,Diffa,2016,5,186,4
Niger,Niger,Diffa,2017,5,167,4
Niger,Niger,Diffa,2018,4,161,4
Niger,Niger,Diffa,2019,4,173,4
Niger,Niger,Diffa,2020,5,210,5
Niger,Niger,Diffa,2021,4,175,5
Niger,Niger,Diffa,2022,4,184,5
Niger,Niger,Diffa,2023,4,177,4
Niger,Niger,Diffa,2024,4,180,5
Niger,Niger,Diffa,2025,4,276,8
Niger,Niger,Diffa,2026,4,225,8
Niger,Niger,Dosso,1990,1,24,2
Niger,Niger,Dosso,1991,1,24,2
Niger,Niger,Dosso,1992,1,24,2
Niger,Niger,Dosso,1993,1,24,2
Niger,Niger,Dosso,1994,4,119,4
Niger,Niger,Dosso,1995,4,119,4
Niger,Niger,Dosso,1996,4,115,4
Niger,Niger,Dosso,1997,4,110,4
Niger,Niger,Dosso,1998,4,118,4
Niger,Niger,Dosso,1999,4,114,4
Niger,Niger,Dosso,2000,4,80,3
Niger,Niger,Dosso,2001,4,92,4
Niger,Niger,Dosso,2002,4,138,5
Niger,Niger,Dosso,2003,4,156,5
Niger,Niger,Dosso,2004,4,154,5
Niger,Niger,Dosso,2005,4,150,5
Niger,Niger,Dosso,2006,4,180,5
Niger,Niger,Dosso,2007,4,178,5
Niger,Niger,Dosso,2008,4,184,6
Niger,Niger,Dosso,2009,8,427,7
Niger,Niger,Dosso,2010,8,414,7
Niger,Niger,Dosso,2011,7,370,7
Niger,Niger,Dosso,2012,7,302,7
Niger,Niger,Dosso,2013,7,396,7
Niger,Niger,Dosso,2014,7,326,6
Niger,Niger,Dosso,2015,7,303,5
Niger,Niger,Dosso,2016,7,299,5
Niger,Niger,Dosso,2017,7,325,5
Niger,Niger,Dosso,2018,7,322,5
Niger,Niger,Dosso,2019,7,339,5
Niger,Niger,Dosso,2020,7,313,6
Niger,Niger,Dosso,2021,6,313,6
Niger,Niger,Dosso,2022,6,292,6
Niger,Niger,Dosso,2023,6,268,5
Niger,Niger,Dosso,2024,6,265,5
Niger,Niger,Dosso,2025,6,394,8
Niger,Niger,Dosso,2026,6,328,8
Niger,Niger,Maradi,1990,1,36,3
Niger,Niger,Maradi,1991,1,36,3
Niger,Niger,Maradi,1992,1,36,3
Niger,Niger,Maradi,1993,1,30,3
Niger,Niger,Maradi,1994,4,118,5
Niger,Niger,Maradi,1995,4,124,5
Niger,Niger,Maradi,1996,4,125,5
Niger,Niger,Maradi,1997,4,143,5
Niger,Niger,Maradi,1998,4,141,5
Niger,Niger,Maradi,1999,4,133,5
Niger,Niger,Maradi,2000,4,94,4
Niger,Niger,Maradi,2001,4,93,4
Niger,Niger,Maradi,2002,4,148,5
Niger,Niger,Maradi,2003,4,149,5
Niger,Niger,Maradi,2004,4,140,5
Niger,Niger,Maradi,2005,4,150,5
Niger,Niger,Maradi,2006,4,188,6
Niger,Niger,Maradi,2007,4,192,6
Niger,Niger,Maradi,2008,4,187,6
Niger,Niger,Maradi,2009,13,701,8
Niger,Niger,Maradi,2010,14,601,6
Niger,Niger,Maradi,2011,10,516,6
Niger,Niger,Maradi,2012,10,431,6
Niger,Niger,Maradi,2013,10,567,6
Niger,Niger,Maradi,2014,10,440,6
Niger,Niger,Maradi,2015,10,442,5
Niger,Niger,Maradi,2016,9,390,5
Niger,Niger,Maradi,2017,9,440,5
Niger,Niger,Maradi,2018,10,460,5
Niger,Niger,Maradi,2019,10,495,5
Niger,Niger,Maradi,2020,10,452,6
Niger,Niger,Maradi,2021,9,422,5
Niger,Niger,Maradi,2022,8,378,5
Niger,Niger,Maradi,2023,8,371,4
Niger,Niger,Maradi,2024,8,381,5
Niger,Niger,Maradi,2025,8,548,7
Niger,Niger,Maradi,2026,8,450,8
Niger,Niger,Niamey,1994,2,60,3
Niger,Niger,Niamey,1995,2,60,3
Niger,Niger,Niamey,1996,2,60,3
Niger,Niger,Niamey,1997,2,60,3
Niger,Niger,Niamey,1998,2,60,3
Niger,Niger,Niamey,1999,2,60,3
Niger,Niger,Niamey,2000,3,83,4
Niger,Niger,Niamey,2001,3,96,4
Niger,Niger,Niamey,2002,3,119,5
Niger,Niger,Niamey,2003,3,120,5
Niger,Niger,Niamey,2004,3,120,5
Niger,Niger,Niamey,2005,3,120,5
Niger,Niger,Niamey,2006,3,156,6
Niger,Niger,Niamey,2007,3,156,6
Niger,Niger,Niamey,2008,3,154,6
Niger,Niger,Niamey,2009,5,340,8
Niger,Niger,Niamey,2010,5,339,7
Niger,Niger,Niamey,2011,5,316,7
Niger,Niger,Niamey,2012,5,231,7
Niger,Niger,Niamey,2013,5,293,6
Niger,Niger,Niamey,2014,5,257,6
Niger,Niger,Niamey,2015,5,256,5
Niger,Niger,Niamey,2016,5,246,5
Niger,Niger,Niamey,2017,5,276,5
Niger,Niger,Niamey,2018,5,274,5
Niger,Niger,Niamey,2019,5,276,5
Niger,Niger,Niamey,2020,5,236,5
Niger,Niger,Niamey,2021,5,228,5
Niger,Niger,Niamey,2022,5,209,5
Niger,Niger,Niamey,2023,4,192,4
Niger,Niger,Niamey,2024,4,192,4
Niger,Niger,Niamey,2025,4,276,7
Niger,Niger,Niamey,2026,4,224,7
Niger,Niger,Tahoua,1994,4,81,2
Niger,Niger,Tahoua,1995,4,84,2
Niger,Niger,Tahoua,1996,4,83,2
Niger,Niger,Tahoua,1997,4,80,2
Niger,Niger,Tahoua,1998,4,81,2
Niger,Niger,Tahoua,1999,4,80,2
Niger,Niger,Tahoua,2000,3,35,1
Niger,Niger,Tahoua,2001,3,36,1
Niger,Niger,Tahoua,2002,4,84,2
Niger,Niger,Tahoua,2003,4,84,2
Niger,Niger,Tahoua,2004,4,83,2
Niger,Niger,Tahoua,2005,4,84,2
Niger,Niger,Tahoua,2006,4,84,2
Niger,Niger,Tahoua,2007,4,80,2
Niger,Niger,Tahoua,2008,5,140,6
Niger,Niger,Tahoua,2009,13,665,7
Niger,Niger,Tahoua,2010,14,639,6
Niger,Niger,Tahoua,2011,13,577,6
Niger,Niger,Tahoua,2012,13,468,6
Niger,Niger,Tahoua,2013,13,630,6
Niger,Niger,Tahoua,2014,13,518,5
Niger,Niger,Tahoua,2015,13,512,4
Niger,Niger,Tahoua,2016,12,465,4
Niger,Niger,Tahoua,2017,12,427,4
Niger,Niger,Tahoua,2018,11,434,4
Niger,Niger,Tahoua,2019,13,512,4
Niger,Niger,Tahoua,2020,10,399,5
Niger,Niger,Tahoua,2021,8,375,5
Niger,Niger,Tahoua,2022,8,345,5
Niger,Niger,Tahoua,2023,8,335,5
Niger,Niger,Tahoua,2024,8,398,5
Niger,Niger,Tahoua,2025,8,546,8
Niger,Niger,Tahoua,2026,8,454,8
Niger,Niger,Tillaberi,1990,1,20,2
Niger,Niger,Tillaberi,1991,1,20,2
Niger,Niger,Tillaberi,1992,1,24,2
Niger,Niger,Tillaberi,1993,1,24,2
Niger,Niger,Tillaberi,1994,7,156,3
Niger,Niger,Tillaberi,1995,7,164,3
Niger,Niger,Tillaberi,1996,7,163,3
Niger,Niger,Tillaberi,1997,7,156,3
Niger,Niger,Tillaberi,1998,7,164,3
Niger,Niger,Tillaberi,1999,7,152,3
Niger,Niger,Tillaberi,2000,7,103,3
Niger,Niger,Tillaberi,2001,7,92,3
Niger,Niger,Tillaberi,2002,7,165,4
Niger,Niger,Tillaberi,2003,7,187,5
Niger,Niger,Tillaberi,2004,7,192,5
Niger,Niger,Tillaberi,2005,7,190,5
Niger,Niger,Tillaberi,2006,7,216,5
Niger,Niger,Tillaberi,2007,7,206,5
Niger,Niger,Tillaberi,2008,7,213,6
Niger,Niger,Tillaberi,2009,14,810,7
Niger,Niger,Tillaberi,2010,14,750,7
Niger,Niger,Tillaberi,2011,13,640,7
Niger,Niger,Tillaberi,2012,13,546,7
Niger,Niger,Tillaberi,2013,13,638,7
Niger,Niger,Tillaberi,2014,13,567,6
Niger,Niger,Tillaberi,2015,13,555,5
Niger,Niger,Tillaberi,2016,13,522,5
Niger,Niger,Tillaberi,2017,13,514,5
Niger,Niger,Tillaberi,2018,13,498,5
Niger,Niger,Tillaberi,2019,13,592,5
Niger,Niger,Tillaberi,2020,13,653,6
Niger,Niger,Tillaberi,2021,13,589,6
Niger,Niger,Tillaberi,2022,12,540,6
Niger,Niger,Tillaberi,2023,11,494,5
Niger,Niger,Tillaberi,2024,11,592,5
Niger,Niger,Tillaberi,2025,11,824,8
Niger,Niger,Tillaberi,2026,11,661,8
Niger,Niger,Zinder,1990,1,24,2
Niger,Niger,Zinder,1991,1,24,2
Niger,Niger,Zinder,1992,1,24,2
Niger,Niger,Zinder,1993,1,24,2
Niger,Niger,Zinder,1994,6,147,4
Niger,Niger,Zinder,1995,6,148,4
Niger,Niger,Zinder,1996,6,148,4
Niger,Niger,Zinder,1997,6,149,4
Niger,Niger,Zinder,1998,6,146,4
Niger,Niger,Zinder,1999,6,142,3
Niger,Niger,Zinder,2000,6,116,4
Niger,Niger,Zinder,2001,6,113,4
Niger,Niger,Zinder,2002,6,174,5
Niger,Niger,Zinder,2003,6,188,5
Niger,Niger,Zinder,2004,6,190,5
Niger,Niger,Zinder,2005,6,190,5
Niger,Niger,Zinder,2006,6,215,5
Niger,Niger,Zinder,2007,6,214,5
Niger,Niger,Zinder,2008,6,216,6
Niger,Niger,Zinder,2009,14,724,7
Niger,Niger,Zinder,2010,14,636,6
Niger,Niger,Zinder,2011,11,555,6
Niger,Niger,Zinder,2012,11,437,6
Niger,Niger,Zinder,2013,11,606,6
Niger,Niger,Zinder,2014,11,515,6
Niger,Niger,Zinder,2015,11,505,5
Niger,Niger,Zinder,2016,11,470,5
Niger,Niger,Zinder,2017,11,430,5
Niger,Niger,Zinder,2018,11,528,5
Niger,Niger,Zinder,2019,11,526,5
Niger,Niger,Zinder,2020,9,384,6
Niger,Niger,Zinder,2021,8,403,6
Niger,Niger,Zinder,2022,8,380,6
Niger,Niger,Zinder,2023,8,352,4
Niger,Niger,Zinder,2024,8,384,5
Niger,Niger,Zinder,2025,8,552,8
Niger,Niger,Zinder,2026,8,454,8
Nigeria,North East,Adamawa,2015,1,164,17
Nigeria,North East,Adamawa,2016,1,200,17
Nigeria,North East,Adamawa,2017,1,123,17
Nigeria,North East,Adamawa,2018,1,170,17
Nigeria,North East,Adamawa,2019,1,200,17
Nigeria,North East,Adamawa,2020,1,353,17
Nigeria,North East,Adamawa,2021,1,360,17
Nigeria,North East,Adamawa,2022,1,360,17
Nigeria,North East,Adamawa,2023,3,379,37
Nigeria,North East,Adamawa,2024,2,190,25
Nigeria,North East,Adamawa,2025,6,246,25
Nigeria,North East,Borno,2003,1,16,5
Nigeria,North East,Borno,2005,1,16,4
Nigeria,North East,Borno,2006,1,4,4
Nigeria,North East,Borno,2007,1,4,4
Nigeria,North East,Borno,2008,1,43,4
Nigeria,North East,Borno,2009,1,32,4
Nigeria,North East,Borno,2010,1,48,4
Nigeria,North East,Borno,2011,1,48,4
Nigeria,North East,Borno,2012,2,76,7
Nigeria,North East,Borno,2013,2,96,7
Nigeria,North East,Borno,2014,2,164,20
Nigeria,North East,Borno,2015,3,388,20
Nigeria,North East,Borno,2016,11,1460,38
Nigeria,North East,Borno,2017,11,2517,37
Nigeria,North East,Borno,2018,10,2615,37
Nigeria,North East,Borno,2019,10,2833,38
Nigeria,North East,Borno,2020,10,2987,37
Nigeria,North East,Borno,2021,10,2730,37
Nigeria,North East,Borno,2022,8,1446,37
Nigeria,North East,Borno,2023,22,3367,37
Nigeria,North East,Borno,2024,24,3173,25
Nigeria,North East,Borno,2025,23,5028,27
Nigeria,North East,Borno,2026,23,3029,27
Nigeria,North East,Gombe,2014,1,102,17
Nigeria,North East,Gombe,2015,1,204,17
Nigeria,North East,Gombe,2016,1,204,17
Nigeria,North East,Gombe,2017,1,204,17
Nigeria,North East,Gombe,2018,1,187,17
Nigeria,North East,Gombe,2019,1,313,17
Nigeria,North East,Gombe,2020,1,353,17
Nigeria,North East,Gombe,2021,1,360,17
Nigeria,North East,Gombe,2022,1,360,17
Nigeria,North East,Gombe,2023,1,30,17
Nigeria,North East,Yobe,2015,2,264,17
Nigeria,North East,Yobe,2016,10,522,34
Nigeria,North East,Yobe,2017,12,2850,37
Nigeria,North East,Yobe,2018,12,3633,37
Nigeria,North East,Yobe,2019,12,3738,37
Nigeria,North East,Yobe,2020,12,3251,37
Nigeria,North East,Yobe,2021,12,3635,37
Nigeria,North East,Yobe,2022,12,2048,37
Nigeria,North East,Yobe,2023,14,2035,37
Nigeria,North East,Yobe,2024,12,2686,25
Nigeria,North East,Yobe,2025,15,2889,27
Nigeria,North East,Yobe,2026,14,1801,27
Nigeria,North West,Jigawa,2009,1,32,4
Nigeria,North West,Jigawa,2010,1,48,4
Nigeria,North West,Jigawa,2011,1,48,4
Nigeria,North West,Jigawa,2012,1,44,4
Nigeria,North West,Jigawa,2013,1,48,4
Nigeria,North West,Jigawa,2014,2,129,17
Nigeria,North West,Jigawa,2015,2,234,18
Nigeria,North West,Jigawa,2016,2,215,19
Nigeria,North West,Jigawa,2017,2,185,19
Nigeria,North West,Jigawa,2018,1,169,16
Nigeria,North West,Jigawa,2019,1,271,16
Nigeria,North West,Jigawa,2020,1,282,15
Nigeria,North West,Jigawa,2021,1,312,15
Nigeria,North West,Jigawa,2022,1,312,15
Nigeria,North West,Jigawa,2023,1,26,15
Nigeria,North West,Kaduna,2013,1,8,4
Nigeria,North West,Kaduna,2014,2,212,18
Nigeria,North West,Kaduna,2015,2,396,18
Nigeria,North West,Kaduna,2016,2,390,18
Nigeria,North West,Kaduna,2017,2,349,18
Nigeria,North West,Kaduna,2018,2,300,18
Nigeria,North West,Kaduna,2019,2,495,18
Nigeria,North West,Kaduna,2020,2,641,17
Nigeria,North West,Kaduna,2021,2,653,16
Nigeria,North West,Kaduna,2022,2,654,17
Nigeria,North West,Kaduna,2023,2,55,16
Nigeria,North West,Kano,2003,1,15,3
Nigeria,North West,Kano,2004,1,36,3
Nigeria,North West,Kano,2005,1,36,3
Nigeria,North West,Kano,2006,1,36,3
Nigeria,North West,Kano,2007,1,36,3
Nigeria,North West,Kano,2008,1,36,3
Nigeria,North West,Kano,2009,1,36,3
Nigeria,North West,Kano,2010,1,36,3
Nigeria,North West,Kano,2011,1,31,3
Nigeria,North West,Kano,2012,1,28,3
Nigeria,North West,Kano,2013,1,38,4
Nigeria,North West,Kano,2014,1,123,17
Nigeria,North West,Kano,2015,1,204,17
Nigeria,North West,Kano,2016,1,202,18
Nigeria,North West,Kano,2017,1,199,18
Nigeria,North West,Kano,2018,1,207,18
Nigeria,North West,Kano,2019,1,224,18
Nigeria,North West,Kano,2020,1,343,18
Nigeria,North West,Kano,2021,1,350,17
Nigeria,North West,Kano,2022,1,349,17
Nigeria,North West,Kano,2023,1,29,17
Nigeria,North West,Katsina,2002,2,70,5
Nigeria,North West,Katsina,2003,2,85,5
Nigeria,North West,Katsina,2005,2,80,5
Nigeria,North West,Katsina,2006,2,27,5
Nigeria,North West,Katsina,2007,2,20,4
Nigeria,North West,Katsina,2008,2,92,4
Nigeria,North West,Katsina,2009,2,64,4
Nigeria,North West,Katsina,2010,2,96,4
Nigeria,North West,Katsina,2011,2,96,4
Nigeria,North West,Katsina,2012,2,88,4
Nigeria,North West,Katsina,2013,2,96,4
Nigeria,North West,Katsina,2014,3,182,19
Nigeria,North West,Katsina,2015,3,286,19
Nigeria,North West,Katsina,2016,3,286,19
Nigeria,North West,Katsina,2017,3,177,19
Nigeria,North West,Katsina,2018,1,187,17
Nigeria,North West,Katsina,2019,2,311,17
Nigeria,North West,Katsina,2020,1,333,17
Nigeria,North West,Katsina,2021,1,328,16
Nigeria,North West,Katsina,2022,1,328,16
Nigeria,North West,Katsina,2023,1,28,16
Nigeria,North West,Kebbi,2014,1,102,17
Nigeria,North West,Kebbi,2015,1,204,17
Nigeria,North West,Kebbi,2016,1,204,17
Nigeria,North West,Kebbi,2017,1,204,17
Nigeria,North West,Kebbi,2018,1,187,17
Nigeria,North West,Kebbi,2019,1,313,17
Nigeria,North West,Kebbi,2020,1,353,17
Nigeria,North West,Kebbi,2021,1,360,17
Nigeria,North West,Kebbi,2022,1,360,17
Nigeria,North West,Kebbi,2023,1,30,17
Nigeria,North West,Sokoto,2002,1,54,5
Nigeria,North West,Sokoto,2003,1,60,5
Nigeria,North West,Sokoto,2005,1,60,5
Nigeria,North West,Sokoto,2006,1,24,4
Nigeria,North West,Sokoto,2007,1,16,4
Nigeria,North West,Sokoto,2008,1,48,4
Nigeria,North West,Sokoto,2009,1,32,4
Nigeria,North West,Sokoto,2010,1,44,4
Nigeria,North West,Sokoto,2011,1,48,4
Nigeria,North West,Sokoto,2012,1,44,4
Nigeria,North West,Sokoto,2013,1,48,4
Nigeria,North West,Sokoto,2014,1,40,4
Nigeria,North West,Sokoto,2015,1,42,4
Nigeria,North West,Sokoto,2016,1,43,4
Nigeria,North West,Sokoto,2017,1,12,4
Nigeria,North West,Sokoto,2019,1,3,1
Nigeria,North West,Zamfara,2013,1,8,4
Nigeria,North West,Zamfara,2014,1,124,18
Nigeria,North West,Zamfara,2015,1,216,18
Nigeria,North West,Zamfara,2016,1,216,18
Nigeria,North West,Zamfara,2017,1,216,18
Nigeria,North West,Zamfara,2018,1,215,18
Nigeria,North West,Zamfara,2019,1,229,18
Nigeria,North West,Zamfara,2020,1,355,18
Nigeria,North West,Zamfara,2021,1,360,17
Nigeria,North West,Zamfara,2022,1,360,17
Nigeria,North West,Zamfara,2023,1,30,17
Nigeria,South East,Abia,2014,1,48,8
Nigeria,South East,Abia,2015,1,96,8
Nigeria,South East,Abia,2016,1,90,8
Nigeria,South East,Abia,2017,1,115,17
Nigeria,South East,Abia,2021,1,300,17
Nigeria,South East,Abia,2022,1,360,17
Nigeria,South East,Abia,2023,1,30,17
Nigeria,South West,Lagos,2012,1,24,3
Nigeria,South West,Lagos,2013,1,36,3
Nigeria,South West,Lagos,2014,1,113,17
Nigeria,South West,Lagos,2015,1,203,17
Nigeria,South West,Lagos,2016,1,171,17
Nigeria,South West,Lagos,2017,1,179,17
Nigeria,South West,Lagos,2018,1,186,16
Nigeria,South West,Lagos,2019,1,204,16
Nigeria,South West,Lagos,2020,1,340,17
Nigeria,South West,Lagos,2021,1,348,17
Nigeria,South West,Lagos,2022,1,348,17
Nigeria,South West,Lagos,2023,1,29,17
Nigeria,South West,Oyo,2010,1,3,1
Nigeria,South West,Oyo,2011,1,2,1
Nigeria,South West,Oyo,2012,1,24,3
Nigeria,South West,Oyo,2013,1,36,3
Nigeria,South West,Oyo,2014,1,136,19
Nigeria,South West,Oyo,2015,1,216,19
Nigeria,South West,Oyo,2016,1,220,19
Nigeria,South West,Oyo,2017,1,214,19
Nigeria,South West,Oyo,2018,1,205,18
Nigeria,South West,Oyo,2019,1,283,19
Nigeria,South West,Oyo,2020,1,359,19
Nigeria,South West,Oyo,2021,1,357,18
Nigeria,South West,Oyo,2022,1,363,18
Nigeria,South West,Oyo,2023,1,29,17
