month,year,month_num,month_name,month_label,period
1990-01-01,1990,1,Jan,Jan 1990,Before devaluation
1990-02-01,1990,2,Feb,Feb 1990,Before devaluation
1990-03-01,1990,3,Mar,Mar 1990,Before devaluation
1990-04-01,1990,4,Apr,Apr 1990,Before devaluation
1990-05-01,1990,5,May,May 1990,Before devaluation
1990-06-01,1990,6,Jun,Jun 1990,Before devaluation
1990-07-01,1990,7,Jul,Jul 1990,Before devaluation
1990-08-01,1990,8,Aug,Aug 1990,Before devaluation
1990-09-01,1990,9,Sep,Sep 1990,Before devaluation
1990-10-01,1990,10,Oct,Oct 1990,Before devaluation
1990-11-01,1990,11,Nov,Nov 1990,Before devaluation
1990-12-01,1990,12,Dec,Dec 1990,Before devaluation
1991-01-01,1991,1,Jan,Jan 1991,Before devaluation
1991-02-01,1991,2,Feb,Feb 1991,Before devaluation
1991-03-01,1991,3,Mar,Mar 1991,Before devaluation
1991-04-01,1991,4,Apr,Apr 1991,Before devaluation
1991-05-01,1991,5,May,May 1991,Before devaluation
1991-06-01,1991,6,Jun,Jun 1991,Before devaluation
1991-07-01,1991,7,Jul,Jul 1991,Before devaluation
1991-08-01,1991,8,Aug,Aug 1991,Before devaluation
1991-09-01,1991,9,Sep,Sep 1991,Before devaluation
1991-10-01,1991,10,Oct,Oct 1991,Before devaluation
1991-11-01,1991,11,Nov,Nov 1991,Before devaluation
1991-12-01,1991,12,Dec,Dec 1991,Before devaluation
1992-01-01,1992,1,Jan,Jan 1992,Before devaluation
1992-02-01,1992,2,Feb,Feb 1992,Before devaluation
1992-03-01,1992,3,Mar,Mar 1992,Before devaluation
1992-04-01,1992,4,Apr,Apr 1992,Before devaluation
1992-05-01,1992,5,May,May 1992,Before devaluation
1992-06-01,1992,6,Jun,Jun 1992,Before devaluation
1992-07-01,1992,7,Jul,Jul 1992,Before devaluation
1992-08-01,1992,8,Aug,Aug 1992,Before devaluation
1992-09-01,1992,9,Sep,Sep 1992,Before devaluation
1992-10-01,1992,10,Oct,Oct 1992,Before devaluation
1992-11-01,1992,11,Nov,Nov 1992,Before devaluation
1992-12-01,1992,12,Dec,Dec 1992,Before devaluation
1993-01-01,1993,1,Jan,Jan 1993,Before devaluation
1993-02-01,1993,2,Feb,Feb 1993,Before devaluation
1993-03-01,1993,3,Mar,Mar 1993,Before devaluation
1993-04-01,1993,4,Apr,Apr 1993,Before devaluation
1993-05-01,1993,5,May,May 1993,Before devaluation
1993-06-01,1993,6,Jun,Jun 1993,Before devaluation
1993-07-01,1993,7,Jul,Jul 1993,Before devaluation
1993-08-01,1993,8,Aug,Aug 1993,Before devaluation
1993-09-01,1993,9,Sep,Sep 1993,Before devaluation
1993-10-01,1993,10,Oct,Oct 1993,Before devaluation
1993-11-01,1993,11,Nov,Nov 1993,Before devaluation
1993-12-01,1993,12,Dec,Dec 1993,Before devaluation
1994-01-01,1994,1,Jan,Jan 1994,Before devaluation
1994-02-01,1994,2,Feb,Feb 1994,Before devaluation
1994-03-01,1994,3,Mar,Mar 1994,Before devaluation
1994-04-01,1994,4,Apr,Apr 1994,Before devaluation
1994-05-01,1994,5,May,May 1994,Before devaluation
1994-06-01,1994,6,Jun,Jun 1994,Before devaluation
1994-07-01,1994,7,Jul,Jul 1994,Before devaluation
1994-08-01,1994,8,Aug,Aug 1994,Before devaluation
1994-09-01,1994,9,Sep,Sep 1994,Before devaluation
1994-10-01,1994,10,Oct,Oct 1994,Before devaluation
1994-11-01,1994,11,Nov,Nov 1994,Before devaluation
1994-12-01,1994,12,Dec,Dec 1994,Before devaluation
1995-01-01,1995,1,Jan,Jan 1995,Before devaluation
1995-02-01,1995,2,Feb,Feb 1995,Before devaluation
1995-03-01,1995,3,Mar,Mar 1995,Before devaluation
1995-04-01,1995,4,Apr,Apr 1995,Before devaluation
1995-05-01,1995,5,May,May 1995,Before devaluation
1995-06-01,1995,6,Jun,Jun 1995,Before devaluation
1995-07-01,1995,7,Jul,Jul 1995,Before devaluation
1995-08-01,1995,8,Aug,Aug 1995,Before devaluation
1995-09-01,1995,9,Sep,Sep 1995,Before devaluation
1995-10-01,1995,10,Oct,Oct 1995,Before devaluation
1995-11-01,1995,11,Nov,Nov 1995,Before devaluation
1995-12-01,1995,12,Dec,Dec 1995,Before devaluation
1996-01-01,1996,1,Jan,Jan 1996,Before devaluation
1996-02-01,1996,2,Feb,Feb 1996,Before devaluation
1996-03-01,1996,3,Mar,Mar 1996,Before devaluation
1996-04-01,1996,4,Apr,Apr 1996,Before devaluation
1996-05-01,1996,5,May,May 1996,Before devaluation
1996-06-01,1996,6,Jun,Jun 1996,Before devaluation
1996-07-01,1996,7,Jul,Jul 1996,Before devaluation
1996-08-01,1996,8,Aug,Aug 1996,Before devaluation
1996-09-01,1996,9,Sep,Sep 1996,Before devaluation
1996-10-01,1996,10,Oct,Oct 1996,Before devaluation
1996-11-01,1996,11,Nov,Nov 1996,Before devaluation
1996-12-01,1996,12,Dec,Dec 1996,Before devaluation
1997-01-01,1997,1,Jan,Jan 1997,Before devaluation
1997-02-01,1997,2,Feb,Feb 1997,Before devaluation
1997-03-01,1997,3,Mar,Mar 1997,Before devaluation
1997-04-01,1997,4,Apr,Apr 1997,Before devaluation
1997-05-01,1997,5,May,May 1997,Before devaluation
1997-06-01,1997,6,Jun,Jun 1997,Before devaluation
1997-07-01,1997,7,Jul,Jul 1997,Before devaluation
1997-08-01,1997,8,Aug,Aug 1997,Before devaluation
1997-09-01,1997,9,Sep,Sep 1997,Before devaluation
1997-10-01,1997,10,Oct,Oct 1997,Before devaluation
1997-11-01,1997,11,Nov,Nov 1997,Before devaluation
1997-12-01,1997,12,Dec,Dec 1997,Before devaluation
1998-01-01,1998,1,Jan,Jan 1998,Before devaluation
1998-02-01,1998,2,Feb,Feb 1998,Before devaluation
1998-03-01,1998,3,Mar,Mar 1998,Before devaluation
1998-04-01,1998,4,Apr,Apr 1998,Before devaluation
1998-05-01,1998,5,May,May 1998,Before devaluation
1998-06-01,1998,6,Jun,Jun 1998,Before devaluation
1998-07-01,1998,7,Jul,Jul 1998,Before devaluation
1998-08-01,1998,8,Aug,Aug 1998,Before devaluation
1998-09-01,1998,9,Sep,Sep 1998,Before devaluation
1998-10-01,1998,10,Oct,Oct 1998,Before devaluation
1998-11-01,1998,11,Nov,Nov 1998,Before devaluation
1998-12-01,1998,12,Dec,Dec 1998,Before devaluation
1999-01-01,1999,1,Jan,Jan 1999,Before devaluation
1999-02-01,1999,2,Feb,Feb 1999,Before devaluation
1999-03-01,1999,3,Mar,Mar 1999,Before devaluation
1999-04-01,1999,4,Apr,Apr 1999,Before devaluation
1999-05-01,1999,5,May,May 1999,Before devaluation
1999-06-01,1999,6,Jun,Jun 1999,Before devaluation
1999-07-01,1999,7,Jul,Jul 1999,Before devaluation
1999-08-01,1999,8,Aug,Aug 1999,Before devaluation
1999-09-01,1999,9,Sep,Sep 1999,Before devaluation
1999-10-01,1999,10,Oct,Oct 1999,Before devaluation
1999-11-01,1999,11,Nov,Nov 1999,Before devaluation
1999-12-01,1999,12,Dec,Dec 1999,Before devaluation
2000-01-01,2000,1,Jan,Jan 2000,Before devaluation
2000-02-01,2000,2,Feb,Feb 2000,Before devaluation
2000-03-01,2000,3,Mar,Mar 2000,Before devaluation
2000-04-01,2000,4,Apr,Apr 2000,Before devaluation
2000-05-01,2000,5,May,May 2000,Before devaluation
2000-06-01,2000,6,Jun,Jun 2000,Before devaluation
2000-07-01,2000,7,Jul,Jul 2000,Before devaluation
2000-08-01,2000,8,Aug,Aug 2000,Before devaluation
2000-09-01,2000,9,Sep,Sep 2000,Before devaluation
2000-10-01,2000,10,Oct,Oct 2000,Before devaluation
2000-11-01,2000,11,Nov,Nov 2000,Before devaluation
2000-12-01,2000,12,Dec,Dec 2000,Before devaluation
2001-01-01,2001,1,Jan,Jan 2001,Before devaluation
2001-02-01,2001,2,Feb,Feb 2001,Before devaluation
2001-03-01,2001,3,Mar,Mar 2001,Before devaluation
2001-04-01,2001,4,Apr,Apr 2001,Before devaluation
2001-05-01,2001,5,May,May 2001,Before devaluation
2001-06-01,2001,6,Jun,Jun 2001,Before devaluation
2001-07-01,2001,7,Jul,Jul 2001,Before devaluation
2001-08-01,2001,8,Aug,Aug 2001,Before devaluation
2001-09-01,2001,9,Sep,Sep 2001,Before devaluation
2001-10-01,2001,10,Oct,Oct 2001,Before devaluation
2001-11-01,2001,11,Nov,Nov 2001,Before devaluation
2001-12-01,2001,12,Dec,Dec 2001,Before devaluation
2002-01-01,2002,1,Jan,Jan 2002,Before devaluation
2002-02-01,2002,2,Feb,Feb 2002,Before devaluation
2002-03-01,2002,3,Mar,Mar 2002,Before devaluation
2002-04-01,2002,4,Apr,Apr 2002,Before devaluation
2002-05-01,2002,5,May,May 2002,Before devaluation
2002-06-01,2002,6,Jun,Jun 2002,Before devaluation
2002-07-01,2002,7,Jul,Jul 2002,Before devaluation
2002-08-01,2002,8,Aug,Aug 2002,Before devaluation
2002-09-01,2002,9,Sep,Sep 2002,Before devaluation
2002-10-01,2002,10,Oct,Oct 2002,Before devaluation
2002-11-01,2002,11,Nov,Nov 2002,Before devaluation
2002-12-01,2002,12,Dec,Dec 2002,Before devaluation
2003-01-01,2003,1,Jan,Jan 2003,Before devaluation
2003-02-01,2003,2,Feb,Feb 2003,Before devaluation
2003-03-01,2003,3,Mar,Mar 2003,Before devaluation
2003-04-01,2003,4,Apr,Apr 2003,Before devaluation
2003-05-01,2003,5,May,May 2003,Before devaluation
2003-06-01,2003,6,Jun,Jun 2003,Before devaluation
2003-07-01,2003,7,Jul,Jul 2003,Before devaluation
2003-08-01,2003,8,Aug,Aug 2003,Before devaluation
2003-09-01,2003,9,Sep,Sep 2003,Before devaluation
2003-10-01,2003,10,Oct,Oct 2003,Before devaluation
2003-11-01,2003,11,Nov,Nov 2003,Before devaluation
2003-12-01,2003,12,Dec,Dec 2003,Before devaluation
2004-01-01,2004,1,Jan,Jan 2004,Before devaluation
2004-02-01,2004,2,Feb,Feb 2004,Before devaluation
2004-03-01,2004,3,Mar,Mar 2004,Before devaluation
2004-04-01,2004,4,Apr,Apr 2004,Before devaluation
2004-05-01,2004,5,May,May 2004,Before devaluation
2004-06-01,2004,6,Jun,Jun 2004,Before devaluation
2004-07-01,2004,7,Jul,Jul 2004,Before devaluation
2004-08-01,2004,8,Aug,Aug 2004,Before devaluation
2004-09-01,2004,9,Sep,Sep 2004,Before devaluation
2004-10-01,2004,10,Oct,Oct 2004,Before devaluation
2004-11-01,2004,11,Nov,Nov 2004,Before devaluation
2004-12-01,2004,12,Dec,Dec 2004,Before devaluation
2005-01-01,2005,1,Jan,Jan 2005,Before devaluation
2005-02-01,2005,2,Feb,Feb 2005,Before devaluation
2005-03-01,2005,3,Mar,Mar 2005,Before devaluation
2005-04-01,2005,4,Apr,Apr 2005,Before devaluation
2005-05-01,2005,5,May,May 2005,Before devaluation
2005-06-01,2005,6,Jun,Jun 2005,Before devaluation
2005-07-01,2005,7,Jul,Jul 2005,Before devaluation
2005-08-01,2005,8,Aug,Aug 2005,Before devaluation
2005-09-01,2005,9,Sep,Sep 2005,Before devaluation
2005-10-01,2005,10,Oct,Oct 2005,Before devaluation
2005-11-01,2005,11,Nov,Nov 2005,Before devaluation
2005-12-01,2005,12,Dec,Dec 2005,Before devaluation
2006-01-01,2006,1,Jan,Jan 2006,Before devaluation
2006-02-01,2006,2,Feb,Feb 2006,Before devaluation
2006-03-01,2006,3,Mar,Mar 2006,Before devaluation
2006-04-01,2006,4,Apr,Apr 2006,Before devaluation
2006-05-01,2006,5,May,May 2006,Before devaluation
2006-06-01,2006,6,Jun,Jun 2006,Before devaluation
2006-07-01,2006,7,Jul,Jul 2006,Before devaluation
2006-08-01,2006,8,Aug,Aug 2006,Before devaluation
2006-09-01,2006,9,Sep,Sep 2006,Before devaluation
2006-10-01,2006,10,Oct,Oct 2006,Before devaluation
2006-11-01,2006,11,Nov,Nov 2006,Before devaluation
2006-12-01,2006,12,Dec,Dec 2006,Before devaluation
2007-01-01,2007,1,Jan,Jan 2007,Before devaluation
2007-02-01,2007,2,Feb,Feb 2007,Before devaluation
2007-03-01,2007,3,Mar,Mar 2007,Before devaluation
2007-04-01,2007,4,Apr,Apr 2007,Before devaluation
2007-05-01,2007,5,May,May 2007,Before devaluation
2007-06-01,2007,6,Jun,Jun 2007,Before devaluation
2007-07-01,2007,7,Jul,Jul 2007,Before devaluation
2007-08-01,2007,8,Aug,Aug 2007,Before devaluation
2007-09-01,2007,9,Sep,Sep 2007,Before devaluation
2007-10-01,2007,10,Oct,Oct 2007,Before devaluation
2007-11-01,2007,11,Nov,Nov 2007,Before devaluation
2007-12-01,2007,12,Dec,Dec 2007,Before devaluation
2008-01-01,2008,1,Jan,Jan 2008,Before devaluation
2008-02-01,2008,2,Feb,Feb 2008,Before devaluation
2008-03-01,2008,3,Mar,Mar 2008,Before devaluation
2008-04-01,2008,4,Apr,Apr 2008,Before devaluation
2008-05-01,2008,5,May,May 2008,Before devaluation
2008-06-01,2008,6,Jun,Jun 2008,Before devaluation
2008-07-01,2008,7,Jul,Jul 2008,Before devaluation
2008-08-01,2008,8,Aug,Aug 2008,Before devaluation
2008-09-01,2008,9,Sep,Sep 2008,Before devaluation
2008-10-01,2008,10,Oct,Oct 2008,Before devaluation
2008-11-01,2008,11,Nov,Nov 2008,Before devaluation
2008-12-01,2008,12,Dec,Dec 2008,Before devaluation
2009-01-01,2009,1,Jan,Jan 2009,Before devaluation
2009-02-01,2009,2,Feb,Feb 2009,Before devaluation
2009-03-01,2009,3,Mar,Mar 2009,Before devaluation
2009-04-01,2009,4,Apr,Apr 2009,Before devaluation
2009-05-01,2009,5,May,May 2009,Before devaluation
2009-06-01,2009,6,Jun,Jun 2009,Before devaluation
2009-07-01,2009,7,Jul,Jul 2009,Before devaluation
2009-08-01,2009,8,Aug,Aug 2009,Before devaluation
2009-09-01,2009,9,Sep,Sep 2009,Before devaluation
2009-10-01,2009,10,Oct,Oct 2009,Before devaluation
2009-11-01,2009,11,Nov,Nov 2009,Before devaluation
2009-12-01,2009,12,Dec,Dec 2009,Before devaluation
2010-01-01,2010,1,Jan,Jan 2010,Before devaluation
2010-02-01,2010,2,Feb,Feb 2010,Before devaluation
2010-03-01,2010,3,Mar,Mar 2010,Before devaluation
2010-04-01,2010,4,Apr,Apr 2010,Before devaluation
2010-05-01,2010,5,May,May 2010,Before devaluation
2010-06-01,2010,6,Jun,Jun 2010,Before devaluation
2010-07-01,2010,7,Jul,Jul 2010,Before devaluation
2010-08-01,2010,8,Aug,Aug 2010,Before devaluation
2010-09-01,2010,9,Sep,Sep 2010,Before devaluation
2010-10-01,2010,10,Oct,Oct 2010,Before devaluation
2010-11-01,2010,11,Nov,Nov 2010,Before devaluation
2010-12-01,2010,12,Dec,Dec 2010,Before devaluation
2011-01-01,2011,1,Jan,Jan 2011,Before devaluation
2011-02-01,2011,2,Feb,Feb 2011,Before devaluation
2011-03-01,2011,3,Mar,Mar 2011,Before devaluation
2011-04-01,2011,4,Apr,Apr 2011,Before devaluation
2011-05-01,2011,5,May,May 2011,Before devaluation
2011-06-01,2011,6,Jun,Jun 2011,Before devaluation
2011-07-01,2011,7,Jul,Jul 2011,Before devaluation
2011-08-01,2011,8,Aug,Aug 2011,Before devaluation
2011-09-01,2011,9,Sep,Sep 2011,Before devaluation
2011-10-01,2011,10,Oct,Oct 2011,Before devaluation
2011-11-01,2011,11,Nov,Nov 2011,Before devaluation
2011-12-01,2011,12,Dec,Dec 2011,Before devaluation
2012-01-01,2012,1,Jan,Jan 2012,Before devaluation
2012-02-01,2012,2,Feb,Feb 2012,Before devaluation
2012-03-01,2012,3,Mar,Mar 2012,Before devaluation
2012-04-01,2012,4,Apr,Apr 2012,Before devaluation
2012-05-01,2012,5,May,May 2012,Before devaluation
2012-06-01,2012,6,Jun,Jun 2012,Before devaluation
2012-07-01,2012,7,Jul,Jul 2012,Before devaluation
2012-08-01,2012,8,Aug,Aug 2012,Before devaluation
2012-09-01,2012,9,Sep,Sep 2012,Before devaluation
2012-10-01,2012,10,Oct,Oct 2012,Before devaluation
2012-11-01,2012,11,Nov,Nov 2012,Before devaluation
2012-12-01,2012,12,Dec,Dec 2012,Before devaluation
2013-01-01,2013,1,Jan,Jan 2013,Before devaluation
2013-02-01,2013,2,Feb,Feb 2013,Before devaluation
2013-03-01,2013,3,Mar,Mar 2013,Before devaluation
2013-04-01,2013,4,Apr,Apr 2013,Before devaluation
2013-05-01,2013,5,May,May 2013,Before devaluation
2013-06-01,2013,6,Jun,Jun 2013,Before devaluation
2013-07-01,2013,7,Jul,Jul 2013,Before devaluation
2013-08-01,2013,8,Aug,Aug 2013,Before devaluation
2013-09-01,2013,9,Sep,Sep 2013,Before devaluation
2013-10-01,2013,10,Oct,Oct 2013,Before devaluation
2013-11-01,2013,11,Nov,Nov 2013,Before devaluation
2013-12-01,2013,12,Dec,Dec 2013,Before devaluation
2014-01-01,2014,1,Jan,Jan 2014,Before devaluation
2014-02-01,2014,2,Feb,Feb 2014,Before devaluation
2014-03-01,2014,3,Mar,Mar 2014,Before devaluation
2014-04-01,2014,4,Apr,Apr 2014,Before devaluation
2014-05-01,2014,5,May,May 2014,Before devaluation
2014-06-01,2014,6,Jun,Jun 2014,Before devaluation
2014-07-01,2014,7,Jul,Jul 2014,Before devaluation
2014-08-01,2014,8,Aug,Aug 2014,Before devaluation
2014-09-01,2014,9,Sep,Sep 2014,Before devaluation
2014-10-01,2014,10,Oct,Oct 2014,Before devaluation
2014-11-01,2014,11,Nov,Nov 2014,Before devaluation
2014-12-01,2014,12,Dec,Dec 2014,Before devaluation
2015-01-01,2015,1,Jan,Jan 2015,Before devaluation
2015-02-01,2015,2,Feb,Feb 2015,Before devaluation
2015-03-01,2015,3,Mar,Mar 2015,Before devaluation
2015-04-01,2015,4,Apr,Apr 2015,Before devaluation
2015-05-01,2015,5,May,May 2015,Before devaluation
2015-06-01,2015,6,Jun,Jun 2015,Before devaluation
2015-07-01,2015,7,Jul,Jul 2015,Before devaluation
2015-08-01,2015,8,Aug,Aug 2015,Before devaluation
2015-09-01,2015,9,Sep,Sep 2015,Before devaluation
2015-10-01,2015,10,Oct,Oct 2015,Before devaluation
2015-11-01,2015,11,Nov,Nov 2015,Before devaluation
2015-12-01,2015,12,Dec,Dec 2015,Before devaluation
2016-01-01,2016,1,Jan,Jan 2016,Before devaluation
2016-02-01,2016,2,Feb,Feb 2016,Before devaluation
2016-03-01,2016,3,Mar,Mar 2016,Before devaluation
2016-04-01,2016,4,Apr,Apr 2016,Before devaluation
2016-05-01,2016,5,May,May 2016,Before devaluation
2016-06-01,2016,6,Jun,Jun 2016,Before devaluation
2016-07-01,2016,7,Jul,Jul 2016,Before devaluation
2016-08-01,2016,8,Aug,Aug 2016,Before devaluation
2016-09-01,2016,9,Sep,Sep 2016,Before devaluation
2016-10-01,2016,10,Oct,Oct 2016,Before devaluation
2016-11-01,2016,11,Nov,Nov 2016,Before devaluation
2016-12-01,2016,12,Dec,Dec 2016,Before devaluation
2017-01-01,2017,1,Jan,Jan 2017,Before devaluation
2017-02-01,2017,2,Feb,Feb 2017,Before devaluation
2017-03-01,2017,3,Mar,Mar 2017,Before devaluation
2017-04-01,2017,4,Apr,Apr 2017,Before devaluation
2017-05-01,2017,5,May,May 2017,Before devaluation
2017-06-01,2017,6,Jun,Jun 2017,Before devaluation
2017-07-01,2017,7,Jul,Jul 2017,Before devaluation
2017-08-01,2017,8,Aug,Aug 2017,Before devaluation
2017-09-01,2017,9,Sep,Sep 2017,Before devaluation
2017-10-01,2017,10,Oct,Oct 2017,Before devaluation
2017-11-01,2017,11,Nov,Nov 2017,Before devaluation
2017-12-01,2017,12,Dec,Dec 2017,Before devaluation
2018-01-01,2018,1,Jan,Jan 2018,Before devaluation
2018-02-01,2018,2,Feb,Feb 2018,Before devaluation
2018-03-01,2018,3,Mar,Mar 2018,Before devaluation
2018-04-01,2018,4,Apr,Apr 2018,Before devaluation
2018-05-01,2018,5,May,May 2018,Before devaluation
2018-06-01,2018,6,Jun,Jun 2018,Before devaluation
2018-07-01,2018,7,Jul,Jul 2018,Before devaluation
2018-08-01,2018,8,Aug,Aug 2018,Before devaluation
2018-09-01,2018,9,Sep,Sep 2018,Before devaluation
2018-10-01,2018,10,Oct,Oct 2018,Before devaluation
2018-11-01,2018,11,Nov,Nov 2018,Before devaluation
2018-12-01,2018,12,Dec,Dec 2018,Before devaluation
2019-01-01,2019,1,Jan,Jan 2019,Before devaluation
2019-02-01,2019,2,Feb,Feb 2019,Before devaluation
2019-03-01,2019,3,Mar,Mar 2019,Before devaluation
2019-04-01,2019,4,Apr,Apr 2019,Before devaluation
2019-05-01,2019,5,May,May 2019,Before devaluation
2019-06-01,2019,6,Jun,Jun 2019,Before devaluation
2019-07-01,2019,7,Jul,Jul 2019,Before devaluation
2019-08-01,2019,8,Aug,Aug 2019,Before devaluation
2019-09-01,2019,9,Sep,Sep 2019,Before devaluation
2019-10-01,2019,10,Oct,Oct 2019,Before devaluation
2019-11-01,2019,11,Nov,Nov 2019,Before devaluation
2019-12-01,2019,12,Dec,Dec 2019,Before devaluation
2020-01-01,2020,1,Jan,Jan 2020,Before devaluation
2020-02-01,2020,2,Feb,Feb 2020,Before devaluation
2020-03-01,2020,3,Mar,Mar 2020,Before devaluation
2020-04-01,2020,4,Apr,Apr 2020,Before devaluation
2020-05-01,2020,5,May,May 2020,Before devaluation
2020-06-01,2020,6,Jun,Jun 2020,Before devaluation
2020-07-01,2020,7,Jul,Jul 2020,Before devaluation
2020-08-01,2020,8,Aug,Aug 2020,Before devaluation
2020-09-01,2020,9,Sep,Sep 2020,Before devaluation
2020-10-01,2020,10,Oct,Oct 2020,Before devaluation
2020-11-01,2020,11,Nov,Nov 2020,Before devaluation
2020-12-01,2020,12,Dec,Dec 2020,Before devaluation
2021-01-01,2021,1,Jan,Jan 2021,Before devaluation
2021-02-01,2021,2,Feb,Feb 2021,Before devaluation
2021-03-01,2021,3,Mar,Mar 2021,Before devaluation
2021-04-01,2021,4,Apr,Apr 2021,Before devaluation
2021-05-01,2021,5,May,May 2021,Before devaluation
2021-06-01,2021,6,Jun,Jun 2021,Before devaluation
2021-07-01,2021,7,Jul,Jul 2021,Before devaluation
2021-08-01,2021,8,Aug,Aug 2021,Before devaluation
2021-09-01,2021,9,Sep,Sep 2021,Before devaluation
2021-10-01,2021,10,Oct,Oct 2021,Before devaluation
2021-11-01,2021,11,Nov,Nov 2021,Before devaluation
2021-12-01,2021,12,Dec,Dec 2021,Before devaluation
2022-01-01,2022,1,Jan,Jan 2022,Before devaluation
2022-02-01,2022,2,Feb,Feb 2022,Before devaluation
2022-03-01,2022,3,Mar,Mar 2022,Before devaluation
2022-04-01,2022,4,Apr,Apr 2022,Before devaluation
2022-05-01,2022,5,May,May 2022,Before devaluation
2022-06-01,2022,6,Jun,Jun 2022,Before devaluation
2022-07-01,2022,7,Jul,Jul 2022,Before devaluation
2022-08-01,2022,8,Aug,Aug 2022,Before devaluation
2022-09-01,2022,9,Sep,Sep 2022,Before devaluation
2022-10-01,2022,10,Oct,Oct 2022,Before devaluation
2022-11-01,2022,11,Nov,Nov 2022,Before devaluation
2022-12-01,2022,12,Dec,Dec 2022,Before devaluation
2023-01-01,2023,1,Jan,Jan 2023,Before devaluation
2023-02-01,2023,2,Feb,Feb 2023,Before devaluation
2023-03-01,2023,3,Mar,Mar 2023,Before devaluation
2023-04-01,2023,4,Apr,Apr 2023,Before devaluation
2023-05-01,2023,5,May,May 2023,Before devaluation
2023-06-01,2023,6,Jun,Jun 2023,After devaluation (Jun 2023+)
2023-07-01,2023,7,Jul,Jul 2023,After devaluation (Jun 2023+)
2023-08-01,2023,8,Aug,Aug 2023,After devaluation (Jun 2023+)
2023-09-01,2023,9,Sep,Sep 2023,After devaluation (Jun 2023+)
2023-10-01,2023,10,Oct,Oct 2023,After devaluation (Jun 2023+)
2023-11-01,2023,11,Nov,Nov 2023,After devaluation (Jun 2023+)
2023-12-01,2023,12,Dec,Dec 2023,After devaluation (Jun 2023+)
2024-01-01,2024,1,Jan,Jan 2024,After devaluation (Jun 2023+)
2024-02-01,2024,2,Feb,Feb 2024,After devaluation (Jun 2023+)
2024-03-01,2024,3,Mar,Mar 2024,After devaluation (Jun 2023+)
2024-04-01,2024,4,Apr,Apr 2024,After devaluation (Jun 2023+)
2024-05-01,2024,5,May,May 2024,After devaluation (Jun 2023+)
2024-06-01,2024,6,Jun,Jun 2024,After devaluation (Jun 2023+)
2024-07-01,2024,7,Jul,Jul 2024,After devaluation (Jun 2023+)
2024-08-01,2024,8,Aug,Aug 2024,After devaluation (Jun 2023+)
2024-09-01,2024,9,Sep,Sep 2024,After devaluation (Jun 2023+)
2024-10-01,2024,10,Oct,Oct 2024,After devaluation (Jun 2023+)
2024-11-01,2024,11,Nov,Nov 2024,After devaluation (Jun 2023+)
2024-12-01,2024,12,Dec,Dec 2024,After devaluation (Jun 2023+)
2025-01-01,2025,1,Jan,Jan 2025,After devaluation (Jun 2023+)
2025-02-01,2025,2,Feb,Feb 2025,After devaluation (Jun 2023+)
2025-03-01,2025,3,Mar,Mar 2025,After devaluation (Jun 2023+)
2025-04-01,2025,4,Apr,Apr 2025,After devaluation (Jun 2023+)
2025-05-01,2025,5,May,May 2025,After devaluation (Jun 2023+)
2025-06-01,2025,6,Jun,Jun 2025,After devaluation (Jun 2023+)
2025-07-01,2025,7,Jul,Jul 2025,After devaluation (Jun 2023+)
2025-08-01,2025,8,Aug,Aug 2025,After devaluation (Jun 2023+)
2025-09-01,2025,9,Sep,Sep 2025,After devaluation (Jun 2023+)
2025-10-01,2025,10,Oct,Oct 2025,After devaluation (Jun 2023+)
2025-11-01,2025,11,Nov,Nov 2025,After devaluation (Jun 2023+)
2025-12-01,2025,12,Dec,Dec 2025,After devaluation (Jun 2023+)
2026-01-01,2026,1,Jan,Jan 2026,After devaluation (Jun 2023+)
2026-02-01,2026,2,Feb,Feb 2026,After devaluation (Jun 2023+)
2026-03-01,2026,3,Mar,Mar 2026,After devaluation (Jun 2023+)
2026-04-01,2026,4,Apr,Apr 2026,After devaluation (Jun 2023+)
2026-05-01,2026,5,May,May 2026,After devaluation (Jun 2023+)
2026-06-01,2026,6,Jun,Jun 2026,After devaluation (Jun 2023+)
2026-07-01,2026,7,Jul,Jul 2026,After devaluation (Jun 2023+)
2026-08-01,2026,8,Aug,Aug 2026,After devaluation (Jun 2023+)
2026-09-01,2026,9,Sep,Sep 2026,After devaluation (Jun 2023+)
2026-10-01,2026,10,Oct,Oct 2026,After devaluation (Jun 2023+)
2026-11-01,2026,11,Nov,Nov 2026,After devaluation (Jun 2023+)
2026-12-01,2026,12,Dec,Dec 2026,After devaluation (Jun 2023+)
