country,currency,month,local_per_usd
Niger,XOF,1990-01-01,418.37
Niger,XOF,1990-02-01,423.07
Niger,XOF,1990-03-01,417.52
Niger,XOF,1990-04-01,424.04
Niger,XOF,1990-05-01,422.76
Niger,XOF,1990-06-01,428.99
Niger,XOF,1990-07-01,417.33
Niger,XOF,1990-08-01,423.91
Niger,XOF,1990-09-01,420.20
Niger,XOF,1990-10-01,416.67
Niger,XOF,1990-11-01,417.42
Niger,XOF,1990-12-01,423.61
Niger,XOF,1991-01-01,417.16
Niger,XOF,1991-02-01,420.53
Niger,XOF,1991-03-01,421.15
Niger,XOF,1991-04-01,416.67
Niger,XOF,1991-05-01,419.54
Niger,XOF,1991-06-01,416.67
Niger,XOF,1991-07-01,420.53
Niger,XOF,1991-08-01,419.64
Niger,XOF,1991-09-01,416.67
Niger,XOF,1991-10-01,419.62
Niger,XOF,1991-11-01,418.18
Niger,XOF,1991-12-01,421.74
Niger,XOF,1992-01-01,419.60
Niger,XOF,1992-02-01,418.01
Niger,XOF,1992-03-01,416.67
Niger,XOF,1992-04-01,421.11
Niger,XOF,1992-05-01,420.64
Niger,XOF,1992-06-01,422.73
Niger,XOF,1992-07-01,418.87
Niger,XOF,1992-08-01,417.16
Niger,XOF,1992-09-01,422.63
Niger,XOF,1992-10-01,418.07
Niger,XOF,1992-11-01,417.42
Niger,XOF,1992-12-01,418.95
Niger,XOF,1993-01-01,416.67
Niger,XOF,1993-02-01,417.16
Niger,XOF,1993-03-01,420.09
Niger,XOF,1993-04-01,419.78
Niger,XOF,1993-05-01,422.22
Niger,XOF,1993-06-01,416.67
Niger,XOF,1993-07-01,414.02
Niger,XOF,1993-08-01,416.67
Niger,XOF,1993-09-01,420.00
Niger,XOF,1993-10-01,420.00
Niger,XOF,1993-11-01,423.91
Niger,XOF,1993-12-01,421.05
Niger,XOF,1994-01-01,418.72
Niger,XOF,1994-02-01,420.00
Niger,XOF,1994-03-01,421.70
Niger,XOF,1994-04-01,421.05
Niger,XOF,1994-05-01,422.43
Niger,XOF,1994-06-01,419.70
Niger,XOF,1994-07-01,420.34
Niger,XOF,1994-08-01,420.48
Niger,XOF,1994-09-01,421.74
Niger,XOF,1994-10-01,420.42
Niger,XOF,1994-11-01,420.00
Niger,XOF,1994-12-01,418.75
Niger,XOF,1995-01-01,419.68
Niger,XOF,1995-02-01,420.00
Niger,XOF,1995-03-01,419.05
Niger,XOF,1995-04-01,421.53
Niger,XOF,1995-05-01,416.67
Niger,XOF,1995-06-01,421.43
Niger,XOF,1995-07-01,421.62
Niger,XOF,1995-08-01,420.56
Niger,XOF,1995-09-01,420.00
Niger,XOF,1995-10-01,421.05
Niger,XOF,1995-11-01,419.57
Niger,XOF,1995-12-01,420.59
Niger,XOF,1996-01-01,421.53
Niger,XOF,1996-02-01,420.00
Niger,XOF,1996-03-01,420.83
Niger,XOF,1996-04-01,420.53
Niger,XOF,1996-05-01,420.90
Niger,XOF,1996-06-01,421.52
Niger,XOF,1996-07-01,420.25
Niger,XOF,1996-08-01,420.48
Niger,XOF,1996-09-01,420.59
Niger,XOF,1996-10-01,420.59
Niger,XOF,1996-11-01,421.21
Niger,XOF,1996-12-01,420.29
Niger,XOF,1997-01-01,420.71
Niger,XOF,1997-02-01,419.85
Niger,XOF,1997-03-01,422.00
Niger,XOF,1997-04-01,420.00
Niger,XOF,1997-05-01,421.05
Niger,XOF,1997-06-01,420.52
Niger,XOF,1997-07-01,421.13
Niger,XOF,1997-08-01,421.21
Niger,XOF,1997-09-01,420.46
Niger,XOF,1997-10-01,420.51
Niger,XOF,1997-11-01,421.88
Niger,XOF,1997-12-01,420.72
Niger,XOF,1998-01-01,421.10
Niger,XOF,1998-02-01,420.51
Niger,XOF,1998-03-01,421.43
Niger,XOF,1998-04-01,420.00
Niger,XOF,1998-05-01,420.37
Niger,XOF,1998-06-01,420.72
Niger,XOF,1998-07-01,420.69
Niger,XOF,1998-08-01,420.00
Niger,XOF,1998-09-01,421.05
Niger,XOF,1998-10-01,420.64
Niger,XOF,1998-11-01,421.43
Niger,XOF,1998-12-01,420.00
Niger,XOF,1999-01-01,420.87
Niger,XOF,1999-02-01,420.00
Niger,XOF,1999-03-01,421.21
Niger,XOF,1999-04-01,421.05
Niger,XOF,1999-05-01,420.83
Niger,XOF,1999-06-01,420.75
Niger,XOF,1999-07-01,420.00
Niger,XOF,1999-08-01,421.32
Niger,XOF,1999-09-01,420.00
Niger,XOF,1999-10-01,422.38
Niger,XOF,1999-11-01,421.74
Niger,XOF,1999-12-01,421.57
Niger,XOF,2000-01-01,422.01
Niger,XOF,2000-02-01,421.87
Niger,XOF,2000-03-01,421.67
Niger,XOF,2000-04-01,422.54
Niger,XOF,2000-05-01,421.21
Niger,XOF,2000-06-01,420.83
Niger,XOF,2000-07-01,422.10
Niger,XOF,2000-08-01,421.21
Niger,XOF,2000-09-01,421.88
Niger,XOF,2000-10-01,420.95
Niger,XOF,2000-11-01,422.54
Niger,XOF,2000-12-01,421.43
Niger,XOF,2001-01-01,421.05
Niger,XOF,2001-02-01,421.10
Niger,XOF,2001-03-01,421.54
Niger,XOF,2001-04-01,420.65
Niger,XOF,2001-05-01,420.43
Niger,XOF,2001-06-01,421.57
Niger,XOF,2001-07-01,420.83
Niger,XOF,2001-08-01,421.25
Niger,XOF,2001-09-01,420.00
Niger,XOF,2001-10-01,420.00
Niger,XOF,2001-11-01,420.62
Niger,XOF,2001-12-01,419.85
Niger,XOF,2002-01-01,420.93
Niger,XOF,2002-02-01,420.71
Niger,XOF,2002-03-01,420.45
Niger,XOF,2002-04-01,420.41
Niger,XOF,2002-05-01,421.28
Niger,XOF,2002-06-01,420.75
Niger,XOF,2002-07-01,420.63
Niger,XOF,2002-08-01,420.63
Niger,XOF,2002-09-01,420.83
Niger,XOF,2002-10-01,420.83
Niger,XOF,2002-11-01,420.30
Niger,XOF,2002-12-01,420.97
Niger,XOF,2003-01-01,420.99
Niger,XOF,2003-02-01,421.28
Niger,XOF,2003-03-01,419.12
Niger,XOF,2003-04-01,420.67
Niger,XOF,2003-05-01,420.90
Niger,XOF,2003-06-01,420.25
Niger,XOF,2003-07-01,419.94
Niger,XOF,2003-08-01,420.97
Niger,XOF,2003-09-01,421.58
Niger,XOF,2003-10-01,420.00
Niger,XOF,2003-11-01,419.35
Niger,XOF,2003-12-01,420.79
Niger,XOF,2004-01-01,419.74
Niger,XOF,2004-02-01,420.50
Niger,XOF,2004-03-01,421.93
Niger,XOF,2004-04-01,422.27
Niger,XOF,2004-05-01,420.35
Niger,XOF,2004-06-01,421.60
Niger,XOF,2004-07-01,420.90
Niger,XOF,2004-08-01,420.98
Niger,XOF,2004-09-01,420.72
Niger,XOF,2004-10-01,420.30
Niger,XOF,2004-11-01,420.29
Niger,XOF,2004-12-01,420.90
Niger,XOF,2005-01-01,421.07
Niger,XOF,2005-02-01,420.54
Niger,XOF,2005-03-01,420.52
Niger,XOF,2005-04-01,421.00
Niger,XOF,2005-05-01,420.95
Niger,XOF,2005-06-01,420.18
Niger,XOF,2005-07-01,420.75
Niger,XOF,2005-08-01,420.35
Niger,XOF,2005-09-01,420.45
Niger,XOF,2005-10-01,420.77
Niger,XOF,2005-11-01,420.83
Niger,XOF,2005-12-01,420.33
Niger,XOF,2006-01-01,420.40
Niger,XOF,2006-02-01,420.45
Niger,XOF,2006-03-01,420.44
Niger,XOF,2006-04-01,420.42
Niger,XOF,2006-05-01,420.45
Niger,XOF,2006-06-01,420.45
Niger,XOF,2006-07-01,420.40
Niger,XOF,2006-08-01,420.41
Niger,XOF,2006-09-01,420.39
Niger,XOF,2006-10-01,420.39
Niger,XOF,2006-11-01,420.87
Niger,XOF,2006-12-01,420.41
Niger,XOF,2007-01-01,420.44
Niger,XOF,2007-02-01,420.45
Niger,XOF,2007-03-01,420.42
Niger,XOF,2007-04-01,420.45
Niger,XOF,2007-05-01,420.40
Niger,XOF,2007-06-01,420.40
Niger,XOF,2007-07-01,420.40
Niger,XOF,2007-08-01,420.44
Niger,XOF,2007-09-01,420.37
Niger,XOF,2007-10-01,420.50
Niger,XOF,2007-11-01,420.44
Niger,XOF,2007-12-01,420.46
Niger,XOF,2008-01-01,420.44
Niger,XOF,2008-02-01,420.42
Niger,XOF,2008-03-01,420.45
Niger,XOF,2008-04-01,420.45
Niger,XOF,2008-05-01,420.45
Niger,XOF,2008-06-01,420.45
Niger,XOF,2008-07-01,420.44
Niger,XOF,2008-08-01,445.90
Niger,XOF,2008-09-01,458.47
Niger,XOF,2008-10-01,486.61
Niger,XOF,2008-11-01,516.85
Niger,XOF,2008-12-01,483.51
Niger,XOF,2009-01-01,499.93
Niger,XOF,2009-02-01,511.46
Niger,XOF,2009-03-01,505.56
Niger,XOF,2009-04-01,494.85
Niger,XOF,2009-05-01,485.33
Niger,XOF,2009-06-01,475.49
Niger,XOF,2009-07-01,464.20
Niger,XOF,2009-08-01,462.96
Niger,XOF,2009-09-01,446.59
Niger,XOF,2009-10-01,438.18
Niger,XOF,2009-11-01,437.88
Niger,XOF,2009-12-01,450.45
Niger,XOF,2010-01-01,454.55
Niger,XOF,2010-02-01,481.84
Niger,XOF,2010-03-01,478.85
Niger,XOF,2010-04-01,482.20
Niger,XOF,2010-05-01,529.04
Niger,XOF,2010-06-01,531.21
Niger,XOF,2010-07-01,506.65
Niger,XOF,2010-08-01,511.62
Niger,XOF,2010-09-01,504.54
Niger,XOF,2010-10-01,469.22
Niger,XOF,2010-11-01,483.09
Niger,XOF,2010-12-01,495.29
Niger,XOF,2011-01-01,491.07
Niger,XOF,2011-02-01,486.24
Niger,XOF,2011-03-01,468.58
Niger,XOF,2011-04-01,454.55
Niger,XOF,2011-05-01,463.27
Niger,XOF,2011-06-01,462.96
Niger,XOF,2011-07-01,462.96
Niger,XOF,2011-08-01,454.13
Niger,XOF,2011-09-01,472.55
Niger,XOF,2011-10-01,475.87
Niger,XOF,2011-11-01,484.65
Niger,XOF,2011-12-01,503.52
Niger,XOF,2012-01-01,517.55
Niger,XOF,2012-02-01,504.08
Niger,XOF,2012-03-01,501.24
Niger,XOF,2012-04-01,500.00
Niger,XOF,2012-05-01,514.93
Niger,XOF,2012-06-01,518.24
Niger,XOF,2012-07-01,534.60
Niger,XOF,2012-08-01,533.10
Niger,XOF,2012-09-01,499.04
Niger,XOF,2012-10-01,506.08
Niger,XOF,2012-11-01,513.24
Niger,XOF,2012-12-01,498.14
Niger,XOF,2013-01-01,493.33
Niger,XOF,2013-02-01,490.09
Niger,XOF,2013-03-01,500.23
Niger,XOF,2013-04-01,502.51
Niger,XOF,2013-05-01,509.51
Niger,XOF,2013-06-01,490.57
Niger,XOF,2013-07-01,501.56
Niger,XOF,2013-08-01,486.07
Niger,XOF,2013-09-01,491.78
Niger,XOF,2013-10-01,485.01
Niger,XOF,2013-11-01,486.05
Niger,XOF,2013-12-01,476.91
Niger,XOF,2014-01-01,482.11
Niger,XOF,2014-02-01,478.72
Niger,XOF,2014-03-01,471.70
Niger,XOF,2014-04-01,474.89
Niger,XOF,2014-05-01,477.76
Niger,XOF,2014-06-01,483.77
Niger,XOF,2014-07-01,483.62
Niger,XOF,2014-08-01,489.92
Niger,XOF,2014-09-01,506.69
Niger,XOF,2014-10-01,510.94
Niger,XOF,2014-11-01,525.91
Niger,XOF,2014-12-01,526.48
Niger,XOF,2015-01-01,564.97
Niger,XOF,2015-02-01,576.15
Niger,XOF,2015-03-01,611.95
Niger,XOF,2015-04-01,617.28
Niger,XOF,2015-05-01,572.84
Niger,XOF,2015-06-01,581.40
Niger,XOF,2015-07-01,600.00
Niger,XOF,2015-08-01,589.74
Niger,XOF,2015-09-01,581.53
Niger,XOF,2015-10-01,575.00
Niger,XOF,2015-11-01,613.24
Niger,XOF,2015-12-01,600.24
Niger,XOF,2016-01-01,600.00
Niger,XOF,2016-02-01,588.24
Niger,XOF,2016-03-01,589.47
Niger,XOF,2016-04-01,581.40
Niger,XOF,2016-05-01,579.60
Niger,XOF,2016-06-01,581.40
Niger,XOF,2016-07-01,594.43
Niger,XOF,2016-08-01,587.18
Niger,XOF,2016-09-01,583.21
Niger,XOF,2016-10-01,597.19
Niger,XOF,2016-11-01,597.97
Niger,XOF,2016-12-01,610.13
Niger,XOF,2017-01-01,618.18
Niger,XOF,2017-02-01,625.00
Niger,XOF,2017-03-01,615.86
Niger,XOF,2017-04-01,617.50
Niger,XOF,2017-05-01,598.22
Niger,XOF,2017-06-01,588.24
Niger,XOF,2017-07-01,579.71
Niger,XOF,2017-08-01,556.25
Niger,XOF,2017-09-01,543.37
Niger,XOF,2017-10-01,549.45
Niger,XOF,2017-11-01,555.56
Niger,XOF,2017-12-01,579.27
Niger,XOF,2018-01-01,556.67
Niger,XOF,2018-02-01,528.00
Niger,XOF,2018-03-01,526.74
Niger,XOF,2018-04-01,542.17
Niger,XOF,2018-05-01,567.37
Niger,XOF,2018-06-01,581.40
Niger,XOF,2018-07-01,556.82
Niger,XOF,2018-08-01,570.83
Niger,XOF,2018-09-01,557.14
Niger,XOF,2018-10-01,563.38
Niger,XOF,2018-11-01,574.71
Niger,XOF,2018-12-01,574.47
Niger,XOF,2019-01-01,568.18
Niger,XOF,2019-02-01,578.12
Niger,XOF,2019-03-01,576.92
Niger,XOF,2019-04-01,576.65
Niger,XOF,2019-05-01,580.20
Niger,XOF,2019-06-01,578.47
Niger,XOF,2019-07-01,576.92
Niger,XOF,2019-08-01,583.47
Niger,XOF,2019-09-01,588.60
Niger,XOF,2019-10-01,591.67
Niger,XOF,2019-11-01,589.62
Niger,XOF,2019-12-01,583.23
Niger,XOF,2020-01-01,582.24
Niger,XOF,2020-02-01,601.72
Niger,XOF,2020-03-01,576.92
Niger,XOF,2020-04-01,595.24
Niger,XOF,2020-05-01,602.41
Niger,XOF,2020-06-01,578.20
Niger,XOF,2020-07-01,575.61
Niger,XOF,2020-08-01,551.30
Niger,XOF,2020-09-01,555.56
Niger,XOF,2020-10-01,554.65
Niger,XOF,2020-11-01,556.53
Niger,XOF,2020-12-01,536.59
Niger,XOF,2021-01-01,551.80
Niger,XOF,2021-02-01,537.03
Niger,XOF,2021-03-01,547.05
Niger,XOF,2021-04-01,544.44
Niger,XOF,2021-05-01,537.83
Niger,XOF,2021-06-01,537.63
Niger,XOF,2021-07-01,550.88
Niger,XOF,2021-08-01,555.70
Niger,XOF,2021-09-01,560.00
Niger,XOF,2021-10-01,562.50
Niger,XOF,2021-11-01,569.04
Niger,XOF,2021-12-01,578.48
Niger,XOF,2022-01-01,568.72
Niger,XOF,2022-02-01,575.73
Niger,XOF,2022-03-01,593.95
Niger,XOF,2022-04-01,597.96
Niger,XOF,2022-05-01,625.53
Niger,XOF,2022-06-01,622.61
Niger,XOF,2022-07-01,650.00
Niger,XOF,2022-08-01,632.91
Niger,XOF,2022-09-01,653.00
Niger,XOF,2022-10-01,684.93
Niger,XOF,2022-11-01,627.03
Niger,XOF,2022-12-01,646.34
Niger,XOF,2023-01-01,607.23
Niger,XOF,2023-02-01,609.62
Niger,XOF,2023-03-01,608.11
Niger,XOF,2023-04-01,589.77
Niger,XOF,2023-05-01,600.00
Niger,XOF,2023-06-01,625.00
Niger,XOF,2023-07-01,581.36
Niger,XOF,2023-08-01,611.11
Niger,XOF,2023-09-01,613.11
Niger,XOF,2023-10-01,619.27
Niger,XOF,2023-11-01,609.09
Niger,XOF,2023-12-01,593.18
Niger,XOF,2024-01-01,594.12
Niger,XOF,2024-02-01,607.66
Niger,XOF,2024-03-01,600.00
Niger,XOF,2024-04-01,613.46
Niger,XOF,2024-05-01,608.64
Niger,XOF,2024-06-01,611.11
Niger,XOF,2024-07-01,601.41
Niger,XOF,2024-08-01,598.29
Niger,XOF,2024-09-01,590.12
Niger,XOF,2024-10-01,599.16
Niger,XOF,2024-11-01,619.47
Niger,XOF,2024-12-01,625.00
Niger,XOF,2025-01-01,635.51
Niger,XOF,2025-02-01,625.00
Niger,XOF,2025-03-01,601.85
Niger,XOF,2025-04-01,576.36
Niger,XOF,2025-05-01,577.21
Niger,XOF,2025-06-01,567.92
Niger,XOF,2025-07-01,561.35
Niger,XOF,2025-08-01,561.22
Niger,XOF,2025-09-01,558.85
Niger,XOF,2025-10-01,563.41
Niger,XOF,2025-11-01,565.96
Niger,XOF,2025-12-01,558.99
Niger,XOF,2026-01-01,564.10
Niger,XOF,2026-02-01,553.55
Niger,XOF,2026-03-01,571.77
Niger,XOF,2026-04-01,556.25
Niger,XOF,2026-05-01,563.38
Niger,XOF,2026-06-01,566.67
Niger,XOF,2026-07-01,574.16
Niger,XOF,2026-08-01,568.18
Nigeria,NGN,2002-01-01,114.40
Nigeria,NGN,2002-02-01,119.74
Nigeria,NGN,2002-03-01,116.90
Nigeria,NGN,2002-04-01,114.16
Nigeria,NGN,2002-05-01,114.12
Nigeria,NGN,2002-06-01,116.98
Nigeria,NGN,2002-07-01,121.13
Nigeria,NGN,2002-08-01,128.85
Nigeria,NGN,2002-09-01,129.26
Nigeria,NGN,2002-10-01,127.02
Nigeria,NGN,2002-11-01,127.54
Nigeria,NGN,2002-12-01,129.81
Nigeria,NGN,2003-01-01,125.98
Nigeria,NGN,2003-02-01,128.50
Nigeria,NGN,2003-03-01,129.20
Nigeria,NGN,2003-04-01,130.95
Nigeria,NGN,2003-05-01,129.52
Nigeria,NGN,2003-06-01,131.23
Nigeria,NGN,2003-07-01,129.87
Nigeria,NGN,2003-08-01,129.03
Nigeria,NGN,2003-09-01,130.76
Nigeria,NGN,2003-10-01,133.33
Nigeria,NGN,2003-11-01,134.99
Nigeria,NGN,2003-12-01,137.07
Nigeria,NGN,2004-01-01,137.99
Nigeria,NGN,2004-02-01,136.13
Nigeria,NGN,2004-03-01,132.01
Nigeria,NGN,2004-04-01,132.50
Nigeria,NGN,2004-05-01,131.52
Nigeria,NGN,2004-06-01,130.51
Nigeria,NGN,2004-07-01,133.26
Nigeria,NGN,2004-08-01,131.16
Nigeria,NGN,2004-09-01,131.94
Nigeria,NGN,2004-10-01,130.24
Nigeria,NGN,2004-11-01,131.74
Nigeria,NGN,2004-12-01,130.24
Nigeria,NGN,2005-01-01,130.26
Nigeria,NGN,2005-02-01,129.99
Nigeria,NGN,2005-03-01,132.71
Nigeria,NGN,2005-04-01,130.34
Nigeria,NGN,2005-05-01,130.39
Nigeria,NGN,2005-06-01,133.01
Nigeria,NGN,2005-07-01,132.01
Nigeria,NGN,2005-08-01,134.99
Nigeria,NGN,2005-09-01,130.05
Nigeria,NGN,2005-10-01,128.50
Nigeria,NGN,2005-11-01,129.01
Nigeria,NGN,2005-12-01,127.31
Nigeria,NGN,2006-01-01,127.03
Nigeria,NGN,2006-02-01,128.42
Nigeria,NGN,2006-03-01,127.17
Nigeria,NGN,2006-04-01,127.50
Nigeria,NGN,2006-05-01,127.45
Nigeria,NGN,2006-06-01,128.23
Nigeria,NGN,2006-07-01,127.66
Nigeria,NGN,2006-08-01,127.50
Nigeria,NGN,2006-09-01,127.93
Nigeria,NGN,2006-10-01,127.93
Nigeria,NGN,2006-11-01,127.81
Nigeria,NGN,2006-12-01,128.11
Nigeria,NGN,2007-01-01,127.89
Nigeria,NGN,2007-02-01,127.93
Nigeria,NGN,2007-03-01,128.00
Nigeria,NGN,2007-04-01,127.96
Nigeria,NGN,2007-05-01,127.43
Nigeria,NGN,2007-06-01,127.32
Nigeria,NGN,2007-07-01,126.73
Nigeria,NGN,2007-08-01,126.30
Nigeria,NGN,2007-09-01,125.79
Nigeria,NGN,2007-10-01,124.34
Nigeria,NGN,2007-11-01,119.31
Nigeria,NGN,2007-12-01,117.80
Nigeria,NGN,2008-01-01,117.51
Nigeria,NGN,2008-02-01,117.59
Nigeria,NGN,2008-03-01,116.40
Nigeria,NGN,2008-04-01,117.43
Nigeria,NGN,2008-05-01,117.86
Nigeria,NGN,2008-06-01,117.72
Nigeria,NGN,2008-07-01,117.55
Nigeria,NGN,2008-08-01,117.71
Nigeria,NGN,2008-09-01,117.61
Nigeria,NGN,2008-10-01,117.66
Nigeria,NGN,2008-11-01,117.74
Nigeria,NGN,2008-12-01,133.98
Nigeria,NGN,2009-01-01,149.99
Nigeria,NGN,2009-02-01,147.96
Nigeria,NGN,2009-03-01,147.44
Nigeria,NGN,2009-04-01,147.25
Nigeria,NGN,2009-05-01,147.23
Nigeria,NGN,2009-06-01,147.02
Nigeria,NGN,2009-07-01,148.85
Nigeria,NGN,2009-08-01,156.66
Nigeria,NGN,2009-09-01,153.74
Nigeria,NGN,2009-10-01,151.55
Nigeria,NGN,2009-11-01,151.96
Nigeria,NGN,2009-12-01,149.62
Nigeria,NGN,2010-01-01,151.09
Nigeria,NGN,2010-02-01,150.65
Nigeria,NGN,2010-03-01,150.40
Nigeria,NGN,2010-04-01,149.91
Nigeria,NGN,2010-05-01,151.16
Nigeria,NGN,2010-06-01,151.39
Nigeria,NGN,2010-07-01,150.52
Nigeria,NGN,2010-08-01,150.38
Nigeria,NGN,2010-09-01,151.21
Nigeria,NGN,2010-10-01,152.17
Nigeria,NGN,2010-11-01,150.70
Nigeria,NGN,2010-12-01,153.48
Nigeria,NGN,2011-01-01,153.40
Nigeria,NGN,2011-02-01,152.57
Nigeria,NGN,2011-03-01,155.72
Nigeria,NGN,2011-04-01,154.75
Nigeria,NGN,2011-05-01,155.63
Nigeria,NGN,2011-06-01,156.82
Nigeria,NGN,2011-07-01,152.31
Nigeria,NGN,2011-08-01,153.85
Nigeria,NGN,2011-09-01,156.20
Nigeria,NGN,2011-10-01,161.20
Nigeria,NGN,2011-11-01,159.02
Nigeria,NGN,2011-12-01,161.92
Nigeria,NGN,2012-01-01,162.14
Nigeria,NGN,2012-02-01,157.97
Nigeria,NGN,2012-03-01,157.54
Nigeria,NGN,2012-04-01,157.34
Nigeria,NGN,2012-05-01,158.15
Nigeria,NGN,2012-06-01,163.25
Nigeria,NGN,2012-07-01,162.16
Nigeria,NGN,2012-08-01,156.50
Nigeria,NGN,2012-09-01,157.43
Nigeria,NGN,2012-10-01,157.15
Nigeria,NGN,2012-11-01,157.94
Nigeria,NGN,2012-12-01,157.60
Nigeria,NGN,2013-01-01,157.10
Nigeria,NGN,2013-02-01,157.26
Nigeria,NGN,2013-03-01,158.50
Nigeria,NGN,2013-04-01,157.80
Nigeria,NGN,2013-05-01,157.30
Nigeria,NGN,2013-06-01,161.67
Nigeria,NGN,2013-07-01,161.29
Nigeria,NGN,2013-08-01,161.10
Nigeria,NGN,2013-09-01,161.96
Nigeria,NGN,2013-10-01,160.11
Nigeria,NGN,2013-11-01,158.60
Nigeria,NGN,2013-12-01,158.57
Nigeria,NGN,2014-01-01,159.40
Nigeria,NGN,2014-02-01,162.45
Nigeria,NGN,2014-03-01,164.59
Nigeria,NGN,2014-04-01,161.65
Nigeria,NGN,2014-05-01,162.47
Nigeria,NGN,2014-06-01,162.78
Nigeria,NGN,2014-07-01,161.85
Nigeria,NGN,2014-08-01,162.00
Nigeria,NGN,2014-09-01,162.80
Nigeria,NGN,2014-10-01,164.45
Nigeria,NGN,2014-11-01,171.59
Nigeria,NGN,2014-12-01,178.65
Nigeria,NGN,2015-01-01,185.60
Nigeria,NGN,2015-02-01,201.17
Nigeria,NGN,2015-03-01,199.00
Nigeria,NGN,2015-04-01,198.95
Nigeria,NGN,2015-05-01,199.00
Nigeria,NGN,2015-06-01,198.81
Nigeria,NGN,2015-07-01,198.00
Nigeria,NGN,2015-08-01,198.91
Nigeria,NGN,2015-09-01,199.00
Nigeria,NGN,2015-10-01,198.92
Nigeria,NGN,2015-11-01,198.95
Nigeria,NGN,2015-12-01,198.82
Nigeria,NGN,2016-01-01,198.60
Nigeria,NGN,2016-02-01,198.60
Nigeria,NGN,2016-03-01,199.00
Nigeria,NGN,2016-04-01,198.60
Nigeria,NGN,2016-05-01,198.86
Nigeria,NGN,2016-06-01,198.40
Nigeria,NGN,2016-07-01,283.97
Nigeria,NGN,2016-08-01,315.00
Nigeria,NGN,2016-09-01,315.49
Nigeria,NGN,2016-10-01,304.00
Nigeria,NGN,2016-11-01,304.20
Nigeria,NGN,2016-12-01,304.45
Nigeria,NGN,2017-01-01,304.00
Nigeria,NGN,2017-02-01,304.45
Nigeria,NGN,2017-03-01,305.14
Nigeria,NGN,2017-04-01,305.06
Nigeria,NGN,2017-05-01,306.01
Nigeria,NGN,2017-06-01,322.68
Nigeria,NGN,2017-07-01,304.93
Nigeria,NGN,2017-08-01,305.00
Nigeria,NGN,2017-09-01,325.00
Nigeria,NGN,2017-10-01,305.38
Nigeria,NGN,2017-11-01,305.51
Nigeria,NGN,2017-12-01,314.47
Nigeria,NGN,2018-01-01,305.32
Nigeria,NGN,2018-02-01,305.45
Nigeria,NGN,2018-03-01,305.76
Nigeria,NGN,2018-04-01,305.08
Nigeria,NGN,2018-05-01,305.30
Nigeria,NGN,2018-06-01,315.03
Nigeria,NGN,2018-07-01,304.78
Nigeria,NGN,2018-08-01,304.99
Nigeria,NGN,2018-09-01,305.20
Nigeria,NGN,2018-10-01,304.40
Nigeria,NGN,2018-11-01,305.68
Nigeria,NGN,2018-12-01,305.87
Nigeria,NGN,2019-01-01,306.79
Nigeria,NGN,2019-02-01,305.77
Nigeria,NGN,2019-03-01,305.94
Nigeria,NGN,2019-04-01,306.00
Nigeria,NGN,2019-05-01,305.95
Nigeria,NGN,2019-06-01,306.00
Nigeria,NGN,2019-07-01,305.99
Nigeria,NGN,2019-08-01,305.90
Nigeria,NGN,2019-09-01,305.88
Nigeria,NGN,2019-10-01,305.95
Nigeria,NGN,2019-11-01,306.94
Nigeria,NGN,2019-12-01,305.89
Nigeria,NGN,2020-01-01,305.91
Nigeria,NGN,2020-02-01,305.93
Nigeria,NGN,2020-03-01,306.01
Nigeria,NGN,2020-04-01,359.99
Nigeria,NGN,2020-05-01,359.99
Nigeria,NGN,2020-06-01,359.99
Nigeria,NGN,2020-07-01,380.49
Nigeria,NGN,2020-08-01,379.67
Nigeria,NGN,2020-09-01,380.69
Nigeria,NGN,2020-10-01,380.60
Nigeria,NGN,2020-11-01,380.70
Nigeria,NGN,2020-12-01,380.70
Nigeria,NGN,2021-01-01,380.70
Nigeria,NGN,2021-02-01,380.65
Nigeria,NGN,2021-03-01,380.56
Nigeria,NGN,2021-04-01,380.55
Nigeria,NGN,2021-05-01,410.31
Nigeria,NGN,2021-06-01,410.48
Nigeria,NGN,2021-07-01,411.00
Nigeria,NGN,2021-08-01,410.99
Nigeria,NGN,2021-09-01,411.00
Nigeria,NGN,2021-10-01,409.91
Nigeria,NGN,2021-11-01,410.43
Nigeria,NGN,2021-12-01,409.73
Nigeria,NGN,2022-01-01,413.79
Nigeria,NGN,2022-02-01,415.32
Nigeria,NGN,2022-03-01,415.45
Nigeria,NGN,2022-04-01,414.03
Nigeria,NGN,2022-05-01,414.77
Nigeria,NGN,2022-06-01,414.72
Nigeria,NGN,2022-07-01,414.90
Nigeria,NGN,2022-08-01,418.89
Nigeria,NGN,2022-09-01,428.11
Nigeria,NGN,2022-10-01,434.81
Nigeria,NGN,2022-11-01,441.19
Nigeria,NGN,2022-12-01,444.96
Nigeria,NGN,2023-01-01,452.11
Nigeria,NGN,2023-02-01,460.00
Nigeria,NGN,2023-03-01,459.83
Nigeria,NGN,2023-04-01,459.77
Nigeria,NGN,2023-05-01,459.96
Nigeria,NGN,2023-06-01,610.47
Nigeria,NGN,2023-07-01,774.62
Nigeria,NGN,2023-08-01,759.08
Nigeria,NGN,2023-09-01,767.98
Nigeria,NGN,2023-10-01,766.43
Nigeria,NGN,2023-11-01,842.92
Nigeria,NGN,2023-12-01,789.47
Nigeria,NGN,2024-01-01,864.90
Nigeria,NGN,2024-02-01,1515.16
Nigeria,NGN,2024-03-01,1611.47
Nigeria,NGN,2024-04-01,1153.71
Nigeria,NGN,2024-05-01,1521.99
Nigeria,NGN,2024-06-01,1492.30
Nigeria,NGN,2024-07-01,1600.00
Nigeria,NGN,2024-08-01,1592.68
Nigeria,NGN,2024-09-01,1626.42
Nigeria,NGN,2024-10-01,1634.92
Nigeria,NGN,2024-11-01,1666.67
Nigeria,NGN,2024-12-01,1540.76
Nigeria,NGN,2025-01-01,1555.95
Nigeria,NGN,2025-02-01,1510.20
Nigeria,NGN,2025-03-01,1549.59
Nigeria,NGN,2025-04-01,1604.94
Nigeria,NGN,2025-05-01,1601.46
Nigeria,NGN,2025-06-01,1543.21
Nigeria,NGN,2025-07-01,1529.41
Nigeria,NGN,2025-08-01,1532.85
Nigeria,NGN,2025-09-01,1499.54
Nigeria,NGN,2025-10-01,1466.67
Nigeria,NGN,2025-11-01,1442.31
Nigeria,NGN,2025-12-01,1452.28
Nigeria,NGN,2026-01-01,1423.49
Nigeria,NGN,2026-02-01,1351.35
Nigeria,NGN,2026-03-01,1372.81
Nigeria,NGN,2026-04-01,1344.54
Nigeria,NGN,2026-05-01,1369.86
Nigeria,NGN,2026-06-01,1358.70
Nigeria,NGN,2026-07-01,1377.12
Nigeria,NGN,2026-08-01,1351.35
Nigeria,NGN,2026-09-01,1333.33
